{"best/epoch": 87, "best/precision": 0.855618763096595, "best/recall": 0.7592465868876882, "best/mAP_0.5": 0.8482304956723523, "best/mAP_0.5:0.95": 0.5654405031354783, "Labels": {"_type": "images/separated", "width": 1600, "height": 1600, "format": "jpg", "count": 2, "filenames": ["media/images/Labels_0_12e98a1d8829e550d23f.jpg", "media/images/Labels_0_ef1b8e36d1ac7d90589f.jpg"], "captions": ["labels.jpg", "labels_correlogram.jpg"]}, "Mosaics": {"_type": "images/separated", "width": 1920, "height": 1920, "format": "jpg", "count": 3, "filenames": ["media/images/Mosaics_0_928796981df1f41d1259.jpg", "media/images/Mosaics_0_62ab2c836ce9f85ee214.jpg", "media/images/Mosaics_0_0ecb6ec1b93ba6455d38.jpg"], "captions": ["train_batch0.jpg", "train_batch1.jpg", "train_batch2.jpg"]}, "train/box_loss": 0.027271436527371407, "train/obj_loss": 0.024246469140052795, "train/cls_loss": 0.0031884387135505676, "metrics/precision": 0.8556042792665143, "metrics/recall": 0.759155263150118, "metrics/mAP_0.5": 0.8480911924017107, "metrics/mAP_0.5:0.95": 0.5661266159738387, "val/box_loss": 0.021800486370921135, "val/obj_loss": 0.009854895062744617, "val/cls_loss": 0.0009369401959702373, "x/lr0": 0.0002980000000000002, "x/lr1": 0.0002980000000000002, "x/lr2": 0.0002980000000000002, "_timestamp": 1658512294, "_runtime": 1228, "_step": 100, "BoundingBoxDebugger": {"_type": "images/separated", "width": 672, "height": 672, "format": "png", "count": 16, "filenames": ["media/images/BoundingBoxDebugger_99_7f4c291421d4295c8673.png", "media/images/BoundingBoxDebugger_99_2eac45b48d8de5e12842.png", "media/images/BoundingBoxDebugger_99_71d2a4aaabe987a04d77.png", "media/images/BoundingBoxDebugger_99_60f3c1773493d8b91d81.png", "media/images/BoundingBoxDebugger_99_d1e060eea88eea226955.png", "media/images/BoundingBoxDebugger_99_0d7a68125ae8719f5868.png", "media/images/BoundingBoxDebugger_99_6bf290a1a9afa3ce5b6b.png", "media/images/BoundingBoxDebugger_99_c7aaebf5985f924ca6de.png", "media/images/BoundingBoxDebugger_99_7a948c4a53e10d18ab71.png", "media/images/BoundingBoxDebugger_99_0ead39d3553ca04a9580.png", "media/images/BoundingBoxDebugger_99_6bc13c4860e99652d7b0.png", "media/images/BoundingBoxDebugger_99_c0fa29adfcca47f8f16c.png", "media/images/BoundingBoxDebugger_99_f85df1044ed571fd45b2.png", "media/images/BoundingBoxDebugger_99_b03053f4ba9c2ce5373c.png", "media/images/BoundingBoxDebugger_99_b0c4b9e1a18ad8303dbf.png", "media/images/BoundingBoxDebugger_99_2d28834a95e0b5a792c9.png"], "captions": ["1005_jpg.rf.f1332ca584551915ad77d7b62d2fed90.jpg", "677_jpg.rf.b995e2c9092953b37742eeb873236aeb.jpg", "678_jpg.rf.db4cc901c461268753d8359b45289db9.jpg", "679_jpg.rf.ec6ccec2fcba8575ff81533bfb31a1f5.jpg", "681_jpg.rf.7e3bf83bc79d992c7758f85140d0e241.jpg", "689_jpg.rf.3127783871cad868fc8bf9b9b0297498.jpg", "68_jpg.rf.384ad8a85c8beb2cc42b0bcac140244c.jpg", "694_jpg.rf.76bf577e089ebff16fcbc675e56787ac.jpg", "699_jpg.rf.860ee405a2ba0887efc785306e945aca.jpg", "69_jpg.rf.52d62a773cedc9bdab4b0b93085e8a8b.jpg", "676_jpg.rf.23f6ec0c1714ba76ae904d640f403c02.jpg", "711_jpg.rf.67c1e160400c9fd5d00a65e3d5be405d.jpg", "716_jpg.rf.85170131d41acc1165729c0574fa29ce.jpg", "719_jpg.rf.77808b70b9bdec4582e9a73aa9237f53.jpg", "72_jpg.rf.f1fa8181d6d087e094a30161e8d3a4af.jpg", "735_jpg.rf.e34474fa8c2228d25a0b1503ff88053e.jpg"], "all_boxes": [{"predictions": {"_type": "boxes2D", "sha256": "5ab34c2d48173d88ef1a8dd52015b98d3a1b5fdb20763c1abbdd35e157fb7ae7", "size": 2171, "path": "media/metadata/boxes2D/BoundingBoxDebugger_99_5ab34c2d48173d88ef1a.boxes2D.json"}}, {"predictions": {"_type": "boxes2D", "sha256": "654b118c248575f37bee9f19397d716f3ba5aa799e8146ce1c9baa1aea1a302d", "size": 255, "path": "media/metadata/boxes2D/BoundingBoxDebugger_99_654b118c248575f37bee.boxes2D.json"}}, {"predictions": {"_type": "boxes2D", "sha256": "63af2e369a2ea8a8bbb6963ee82bbd6d9dbbc19be483338ee41cf53e51ced87e", "size": 1225, "path": "media/metadata/boxes2D/BoundingBoxDebugger_99_63af2e369a2ea8a8bbb6.boxes2D.json"}}, {"predictions": {"_type": "boxes2D", "sha256": "4c1e8eb849620882a710408e07399138509f0b69a42afe8113047fbe09957d16", "size": 448, "path": "media/metadata/boxes2D/BoundingBoxDebugger_99_4c1e8eb849620882a710.boxes2D.json"}}, {"predictions": {"_type": "boxes2D", "sha256": "878ec00517c153e8c0e205b7d20fec7d19b2c33f114ffd7e42b775d323697f4d", "size": 1793, "path": "media/metadata/boxes2D/BoundingBoxDebugger_99_878ec00517c153e8c0e2.boxes2D.json"}}, {"predictions": {"_type": "boxes2D", "sha256": "5ce7f5427a7e01773f39bd77f8bec475d2de37c12bdd9d6cdedb08be19ccbe53", "size": 7888, "path": "media/metadata/boxes2D/BoundingBoxDebugger_99_5ce7f5427a7e01773f39.boxes2D.json"}}, {"predictions": {"_type": "boxes2D", "sha256": "b5c0f6f30fc246241980c41f59178653e2d6d19ef77475d0900a916d999f896b", "size": 822, "path": "media/metadata/boxes2D/BoundingBoxDebugger_99_b5c0f6f30fc246241980.boxes2D.json"}}, {"predictions": {"_type": "boxes2D", "sha256": "cda4c75084614bc3acccc7eb934df58281de2b5f941859116a44337e82b6f272", "size": 54389, "path": "media/metadata/boxes2D/BoundingBoxDebugger_99_cda4c75084614bc3accc.boxes2D.json"}}, {"predictions": {"_type": "boxes2D", "sha256": "5c93775e044f86a018c2cf0a12e3ca2b52a20d1f651c0ac05ab8af68e2e73614", "size": 1418, "path": "media/metadata/boxes2D/BoundingBoxDebugger_99_5c93775e044f86a018c2.boxes2D.json"}}, {"predictions": {"_type": "boxes2D", "sha256": "e4ad39f1e881e8844c844cf97b5612dacc86ca54a9b33a287b277e4c279af844", "size": 1022, "path": "media/metadata/boxes2D/BoundingBoxDebugger_99_e4ad39f1e881e8844c84.boxes2D.json"}}, {"predictions": {"_type": "boxes2D", "sha256": "9b30f474af5ada3b776b79e78d8de308465e6046df0f1eb7e8af17f0f0066614", "size": 836, "path": "media/metadata/boxes2D/BoundingBoxDebugger_99_9b30f474af5ada3b776b.boxes2D.json"}}, {"predictions": {"_type": "boxes2D", "sha256": "3ae5882316c42d9e2e253d27f6c9e604eaa316937ee208a7f140fbd20f77d368", "size": 1604, "path": "media/metadata/boxes2D/BoundingBoxDebugger_99_3ae5882316c42d9e2e25.boxes2D.json"}}, {"predictions": {"_type": "boxes2D", "sha256": "8484f404176500c2d3467e0fbf5693d2e76d3ee2b5b207782480a338b37b895e", "size": 2576, "path": "media/metadata/boxes2D/BoundingBoxDebugger_99_8484f404176500c2d346.boxes2D.json"}}, {"predictions": {"_type": "boxes2D", "sha256": "aaae100af187b1a5816528c95bf201edf52438e97de61b0dee8b45d4572677c4", "size": 1035, "path": "media/metadata/boxes2D/BoundingBoxDebugger_99_aaae100af187b1a58165.boxes2D.json"}}, {"predictions": {"_type": "boxes2D", "sha256": "5cdee9fb8f9a0c4cded265bc0d487b39dea95633232652f59e5ca2de7992592f", "size": 13835, "path": "media/metadata/boxes2D/BoundingBoxDebugger_99_5cdee9fb8f9a0c4cded2.boxes2D.json"}}, {"predictions": {"_type": "boxes2D", "sha256": "17020a462e81c88e98269dfc53bac11b22efdc0b5f7428d74cf6cd67be3b5db8", "size": 1022, "path": "media/metadata/boxes2D/BoundingBoxDebugger_99_17020a462e81c88e9826.boxes2D.json"}}]}, "Validation": {"_type": "images/separated", "width": 1920, "height": 1920, "format": "jpg", "count": 6, "filenames": ["media/images/Validation_100_b1299cb9d9c8841d8249.jpg", "media/images/Validation_100_035658cd781d6d15186d.jpg", "media/images/Validation_100_78701e012872684f31b3.jpg", "media/images/Validation_100_81229c1bf597a461fe8b.jpg", "media/images/Validation_100_8d81e97d2a8e694ceba9.jpg", "media/images/Validation_100_9dfe4a028a1797c0a0e8.jpg"], "captions": ["val_batch0_labels.jpg", "val_batch0_pred.jpg", "val_batch1_labels.jpg", "val_batch1_pred.jpg", "val_batch2_labels.jpg", "val_batch2_pred.jpg"]}, "Results": {"_type": "images/separated", "width": 2400, "height": 1200, "format": "png", "count": 6, "filenames": ["media/images/Results_100_a67d20171a570caa4218.png", "media/images/Results_100_4067372720153c1f0fd9.png", "media/images/Results_100_07f27cdaed39f78b719b.png", "media/images/Results_100_124ca4d312f2f29cefb4.png", "media/images/Results_100_0d0bea3899a9c92fcccb.png", "media/images/Results_100_9a6743ec890bc494ccb5.png"],