{"best/epoch": 85, "best/precision": 0.740338730470629, "best/recall": 0.8327062536243535, "best/mAP_0.5": 0.8192883669700909, "best/mAP_0.5:0.95": 0.42467711009294107, "Labels": {"_type": "images/separated", "width": 1600, "height": 1600, "format": "jpg", "count": 2, "filenames": ["media/images/Labels_0_77a4360f5c1ebf21f0e9.jpg", "media/images/Labels_0_1ff5198c33079cf9d439.jpg"], "captions": ["labels.jpg", "labels_correlogram.jpg"]}, "Mosaics": {"_type": "images/separated", "width": 1920, "height": 1920, "format": "jpg", "count": 3, "filenames": ["media/images/Mosaics_0_a9d440794990fc300b9a.jpg", "media/images/Mosaics_0_b8aab8700e65d80e36f6.jpg", "media/images/Mosaics_0_c765318aaad8edbc369b.jpg"], "captions": ["train_batch0.jpg", "train_batch1.jpg", "train_batch2.jpg"]}, "train/box_loss": 0.02381097339093685, "train/obj_loss": 0.0245080403983593, "train/cls_loss": 0.0024795173667371273, "metrics/precision": 0.7404909804211185, "metrics/recall": 0.832705014286121, "metrics/mAP_0.5": 0.819373682830733, "metrics/mAP_0.5:0.95": 0.42526710096672427, "val/box_loss": 0.02593931369483471, "val/obj_loss": 0.010196469724178314, "val/cls_loss": 0.0008134670788422227, "x/lr0": 0.0002980000000000002, "x/lr1": 0.0002980000000000002, "x/lr2": 0.0002980000000000002, "_timestamp": 1658521680, "_runtime": 3152, "_step": 100, "BoundingBoxDebugger": {"_type": "images/separated", "width": 672, "height": 672, "format": "png", "count": 16, "filenames": ["media/images/BoundingBoxDebugger_99_7f4c291421d4295c8673.png", "media/images/BoundingBoxDebugger_99_2eac45b48d8de5e12842.png", "media/images/BoundingBoxDebugger_99_71d2a4aaabe987a04d77.png", "media/images/BoundingBoxDebugger_99_60f3c1773493d8b91d81.png", "media/images/BoundingBoxDebugger_99_d1e060eea88eea226955.png", "media/images/BoundingBoxDebugger_99_0d7a68125ae8719f5868.png", "media/images/BoundingBoxDebugger_99_6bf290a1a9afa3ce5b6b.png", "media/images/BoundingBoxDebugger_99_c7aaebf5985f924ca6de.png", "media/images/BoundingBoxDebugger_99_7a948c4a53e10d18ab71.png", "media/images/BoundingBoxDebugger_99_0ead39d3553ca04a9580.png", "media/images/BoundingBoxDebugger_99_6bc13c4860e99652d7b0.png", "media/images/BoundingBoxDebugger_99_c0fa29adfcca47f8f16c.png", "media/images/BoundingBoxDebugger_99_f85df1044ed571fd45b2.png", "media/images/BoundingBoxDebugger_99_b03053f4ba9c2ce5373c.png", "media/images/BoundingBoxDebugger_99_b0c4b9e1a18ad8303dbf.png", "media/images/BoundingBoxDebugger_99_2d28834a95e0b5a792c9.png"], "captions": ["1005_jpg.rf.f1332ca584551915ad77d7b62d2fed90.jpg", "677_jpg.rf.b995e2c9092953b37742eeb873236aeb.jpg", "678_jpg.rf.db4cc901c461268753d8359b45289db9.jpg", "679_jpg.rf.ec6ccec2fcba8575ff81533bfb31a1f5.jpg", "681_jpg.rf.7e3bf83bc79d992c7758f85140d0e241.jpg", "689_jpg.rf.3127783871cad868fc8bf9b9b0297498.jpg", "68_jpg.rf.384ad8a85c8beb2cc42b0bcac140244c.jpg", "694_jpg.rf.76bf577e089ebff16fcbc675e56787ac.jpg", "699_jpg.rf.860ee405a2ba0887efc785306e945aca.jpg", "69_jpg.rf.52d62a773cedc9bdab4b0b93085e8a8b.jpg", "676_jpg.rf.23f6ec0c1714ba76ae904d640f403c02.jpg", "711_jpg.rf.67c1e160400c9fd5d00a65e3d5be405d.jpg", "716_jpg.rf.85170131d41acc1165729c0574fa29ce.jpg", "719_jpg.rf.77808b70b9bdec4582e9a73aa9237f53.jpg", "72_jpg.rf.f1fa8181d6d087e094a30161e8d3a4af.jpg", "735_jpg.rf.e34474fa8c2228d25a0b1503ff88053e.jpg"], "all_boxes": [{"predictions": {"_type": "boxes2D", "sha256": "998fcd9cf9da2806bf22df7284e01b67507fb00004220b2aae64f13dddf59786", "size": 639, "path": "media/metadata/boxes2D/BoundingBoxDebugger_99_998fcd9cf9da2806bf22.boxes2D.json"}}, {"predictions": {"_type": "boxes2D", "sha256": "93b0187b12efc5c5451a543bb71e62f1896bcecf3ff7de5ed1763ce7cfa7f057", "size": 632, "path": "media/metadata/boxes2D/BoundingBoxDebugger_99_93b0187b12efc5c5451a.boxes2D.json"}}, {"predictions": {"_type": "boxes2D", "sha256": "8de9f74d6319c3bad36629a0d906a981beed9a8c3b5c45ee31a92d5c1059412d", "size": 261, "path": "media/metadata/boxes2D/BoundingBoxDebugger_99_8de9f74d6319c3bad366.boxes2D.json"}}, {"predictions": {"_type": "boxes2D", "sha256": "77846ca6e9c556df4beb202163a194552be551080d5af760c2f60490f22a197f", "size": 638, "path": "media/metadata/boxes2D/BoundingBoxDebugger_99_77846ca6e9c556df4beb.boxes2D.json"}}, {"predictions": {"_type": "boxes2D", "sha256": "621d43ff19e4ccac56209663e5bd70f37453f3e7b354e1e8b070c5f260193fb1", "size": 1593, "path": "media/metadata/boxes2D/BoundingBoxDebugger_99_621d43ff19e4ccac5620.boxes2D.json"}}, {"predictions": {"_type": "boxes2D", "sha256": "5b3bbdfbf769f9cdeea310956e3bf600c9b0cc3c01daf610ee8723371c2f6f4c", "size": 4422, "path": "media/metadata/boxes2D/BoundingBoxDebugger_99_5b3bbdfbf769f9cdeea3.boxes2D.json"}}, {"predictions": {"_type": "boxes2D", "sha256": "2eed3af061b05bdcfacc8a45e7b5222f0d56240173b5b8f68e8b6532f5956c1c", "size": 1010, "path": "media/metadata/boxes2D/BoundingBoxDebugger_99_2eed3af061b05bdcfacc.boxes2D.json"}}, {"predictions": {"_type": "boxes2D", "sha256": "fb4d9074ac9958ae7058cb907f3d8aaa24907404d95de8891d25321cc35cd690", "size": 39714, "path": "media/metadata/boxes2D/BoundingBoxDebugger_99_fb4d9074ac9958ae7058.boxes2D.json"}}, {"predictions": {"_type": "boxes2D", "sha256": "aceb2d199836a948b429bf67f5b4143a729a4ff3959bcc99160535a4767c17fc", "size": 830, "path": "media/metadata/boxes2D/BoundingBoxDebugger_99_aceb2d199836a948b429.boxes2D.json"}}, {"predictions": {"_type": "boxes2D", "sha256": "47cb30e501c617442830911735baa4068e9784d744831db6a4754aed5db2aa0c", "size": 1025, "path": "media/metadata/boxes2D/BoundingBoxDebugger_99_47cb30e501c617442830.boxes2D.json"}}, {"predictions": {"_type": "boxes2D", "sha256": "eac511056f5d1eb52fa8230e7287450340e6a018578cb0409061b6898b0f6094", "size": 253, "path": "media/metadata/boxes2D/BoundingBoxDebugger_99_eac511056f5d1eb52fa8.boxes2D.json"}}, {"predictions": {"_type": "boxes2D", "sha256": "1bf8ae80769016589b3de17b15950abfb6e0921c277a19d0e093f69caf501548", "size": 830, "path": "media/metadata/boxes2D/BoundingBoxDebugger_99_1bf8ae80769016589b3d.boxes2D.json"}}, {"predictions": {"_type": "boxes2D", "sha256": "9f7f4493ac878c007fd0cd7770f85a9c7f6a844e52902416a812b0c465507281", "size": 1987, "path": "media/metadata/boxes2D/BoundingBoxDebugger_99_9f7f4493ac878c007fd0.boxes2D.json"}}, {"predictions": {"_type": "boxes2D", "sha256": "870f5a4f9484d48c5c71a83797f76f4af6e822d1d8d87c57356ffbcad944fac5", "size": 258, "path": "media/metadata/boxes2D/BoundingBoxDebugger_99_870f5a4f9484d48c5c71.boxes2D.json"}}, {"predictions": {"_type": "boxes2D", "sha256": "701471e2cfd000fa250d7f40ae5b15e99232aa34bfce029f19a4fa456b7fea0d", "size": 6170, "path": "media/metadata/boxes2D/BoundingBoxDebugger_99_701471e2cfd000fa250d.boxes2D.json"}}, {"predictions": {"_type": "boxes2D", "sha256": "17c9b7b7c45972df810d5076838433edf91fc49618c2eb17e47993279039baac", "size": 638, "path": "media/metadata/boxes2D/BoundingBoxDebugger_99_17c9b7b7c45972df810d.boxes2D.json"}}]}, "Validation": {"_type": "images/separated", "width": 1920, "height": 1920, "format": "jpg", "count": 6, "filenames": ["media/images/Validation_100_b1299cb9d9c8841d8249.jpg", "media/images/Validation_100_31e0f183170985778415.jpg", "media/images/Validation_100_78701e012872684f31b3.jpg", "media/images/Validation_100_0a5dc1360b4da56ade50.jpg", "media/images/Validation_100_8d81e97d2a8e694ceba9.jpg", "media/images/Validation_100_5c003263d4af8948c948.jpg"], "captions": ["val_batch0_labels.jpg", "val_batch0_pred.jpg", "val_batch1_labels.jpg", "val_batch1_pred.jpg", "val_batch2_labels.jpg", "val_batch2_pred.jpg"]}, "Results": {"_type": "images/separated", "width": 2400, "height": 1200, "format": "png", "count": 6, "filenames": ["media/images/Results_100_0a06b55a63542a8e50b2.png", "media/images/Results_100_439246b3bd2f55a87aa2.png", "media/images/Results_100_dc38869bf404317fa396.png", "media/images/Results_100_da2e08b6d42b83156c89.png", "media/images/Results_100_10f29ff5366a0cd79545.png", "media/images/Results_100_77b7b1fca01c9053c5c1.png"],