{"best/epoch": 2, "best/precision": 0.7604536264395861, "best/recall": 0.12067822133872785, "best/mAP_0.5": 0.08719730116017763, "best/mAP_0.5:0.95": 0.03633366357325231, "Labels": {"_type": "images/separated", "width": 1600, "height": 1600, "format": "jpg", "count": 2, "filenames": ["media/images/Labels_0_2b32dd8c90fc48c6079b.jpg", "media/images/Labels_0_028fc65b4670ffa3f6d6.jpg"], "captions": ["labels.jpg", "labels_correlogram.jpg"]}, "Mosaics": {"_type": "images/separated", "width": 1920, "height": 1920, "format": "jpg", "count": 3, "filenames": ["media/images/Mosaics_0_c1cfe016ba3675391b54.jpg", "media/images/Mosaics_0_9c4b61898fcfd79e3b3c.jpg", "media/images/Mosaics_0_46b9519bb13b1e7d61d3.jpg"], "captions": ["train_batch0.jpg", "train_batch1.jpg", "train_batch2.jpg"]}, "train/box_loss": 0.06257915496826172, "train/obj_loss": 0.10515184700489044, "train/cls_loss": 0.07742523401975632, "metrics/precision": 0.7604536264395861, "metrics/recall": 0.12067822133872785, "metrics/mAP_0.5": 0.08719730116017763, "metrics/mAP_0.5:0.95": 0.03633366357325231, "val/box_loss": 0.06033826619386673, "val/obj_loss": 0.0658382922410965, "val/cls_loss": 0.07338570058345795, "x/lr0": 0.009968110497237573, "x/lr1": 0.009783948434622469, "x/lr2": 0.009783948434622469, "_timestamp": 1658417818, "_runtime": 159, "_step": 2}