{"best/epoch": 97, "best/precision": 0.9931136181664538, "best/recall": 0.9972905824364571, "best/mAP_0.5": 0.9949079754601227, "best/mAP_0.5:0.95": 0.7953482244384791, "Labels": {"_type": "images/separated", "width": 1600, "height": 1600, "format": "jpg", "count": 2, "filenames": ["media/images/Labels_0_60a8cbf547a714550526.jpg", "media/images/Labels_0_4c41b967f41a50c7410c.jpg"], "captions": ["labels.jpg", "labels_correlogram.jpg"]}, "Mosaics": {"_type": "images/separated", "width": 1920, "height": 1920, "format": "jpg", "count": 3, "filenames": ["media/images/Mosaics_0_f1b4d9bb20f849f56a6e.jpg", "media/images/Mosaics_0_349999c7fcb1d6355ddc.jpg", "media/images/Mosaics_0_75a9d2685379b99cfe21.jpg"], "captions": ["train_batch0.jpg", "train_batch1.jpg", "train_batch2.jpg"]}, "train/box_loss": 0.02106820046901703, "train/obj_loss": 0.015472977422177792, "train/cls_loss": 0.0003532441915012896, "metrics/precision": 0.993114128473527, "metrics/recall": 0.9972917543206254, "metrics/mAP_0.5": 0.9949079754601227, "metrics/mAP_0.5:0.95": 0.7954968775903974, "val/box_loss": 0.01190134882926941, "val/obj_loss": 0.00967051088809967, "val/cls_loss": 6.510059029096738e-05, "x/lr0": 0.0002980000000000002, "x/lr1": 0.0002980000000000002, "x/lr2": 0.0002980000000000002, "_timestamp": 1658592799, "_runtime": 692, "_step": 100, "BoundingBoxDebugger": {"_type": "images/separated", "width": 672, "height": 448, "format": "png", "count": 16, "filenames": ["media/images/BoundingBoxDebugger_99_32ff041db504357fc85a.png", "media/images/BoundingBoxDebugger_99_1bb5dd4ec2a24f195210.png", "media/images/BoundingBoxDebugger_99_4801a12eef5278096aa0.png", "media/images/BoundingBoxDebugger_99_591d8a341f48168d4200.png", "media/images/BoundingBoxDebugger_99_f36a816bf41493eaaf6a.png", "media/images/BoundingBoxDebugger_99_287a616e1d69ebda11d0.png", "media/images/BoundingBoxDebugger_99_f42a52c4055b817c6cc3.png", "media/images/BoundingBoxDebugger_99_214d5e0618abc0f1026d.png", "media/images/BoundingBoxDebugger_99_6c2dc38c2cd1a18805af.png", "media/images/BoundingBoxDebugger_99_675f75cd2a9971150efc.png", "media/images/BoundingBoxDebugger_99_659ee9f3b919078260e4.png", "media/images/BoundingBoxDebugger_99_f3379ad173f75c7be99e.png", "media/images/BoundingBoxDebugger_99_a35bc9c5d2fb6f172b58.png", "media/images/BoundingBoxDebugger_99_4d5c5e9289dd4a59514b.png", "media/images/BoundingBoxDebugger_99_dea1e1055804c56dd4ab.png", "media/images/BoundingBoxDebugger_99_9d349ac0512c6ae46b87.png"], "captions": ["apple_1_0002_jpg.rf.729528a827fd3070f27bd46dbffb9161.jpg", "potato_1_0075_jpg.rf.cbc43703f61957c64ef01ce9e52403ad.jpg", "potato_1_0078_jpg.rf.35287426d73e73713de0d6c09e18770e.jpg", "potato_1_0079_jpg.rf.9c466243a40d79fabc393773f0e1ec77.jpg", "potato_1_0086_jpg.rf.8cfa6355eef409f4135e5150f41f9e8a.jpg", "potato_1_0088_jpg.rf.b400432a7c6482d328c0095a6f03991f.jpg", "potato_1_0089_jpg.rf.f98a746eee34821f910f2e416c9c1bb2.jpg", "potato_1_0091_jpg.rf.81dd4b1f61b1505f45b11fea2c5b1fc8.jpg", "potato_1_0099_jpg.rf.2aa68fcd3ce7a1c1ded3bc91fbcc2a8c.jpg", "potato_1_0073_jpg.rf.04e0b6e1488cb7ab6280c02a9bce45bd.jpg", "potato_2_0001_jpg.rf.161a63f7340d163ff4d92be373953ad3.jpg", "potato_2_0009_jpg.rf.36ac0422aae3a0c9723935b513099b3d.jpg", "potato_2_0010_jpg.rf.d875738410a5f82469abcba1b283d058.jpg", "potato_2_0013_jpg.rf.52d065a0dd1c211aa337d005c2c3337f.jpg", "potato_2_0015_jpg.rf.0b3ca8e16f0977cbeb138b69de56135b.jpg", "potato_2_0025_jpg.rf.f0300d6eea77ddeec179cb0357a2db5d.jpg"], "all_boxes": [{"predictions": {"_type": "boxes2D", "sha256": "3b379250c016edd09281ac12d54d9b3e73482e9fa2d10d049b82ca467da8826e", "size": 625, "path": "media/metadata/boxes2D/BoundingBoxDebugger_99_3b379250c016edd09281.boxes2D.json"}}, {"predictions": {"_type": "boxes2D", "sha256": "1016faa2e4f531d66346d7827353d7d8e72b32bb9f86622a1702ffaf52ebda81", "size": 1015, "path": "media/metadata/boxes2D/BoundingBoxDebugger_99_1016faa2e4f531d66346.boxes2D.json"}}, {"predictions": {"_type": "boxes2D", "sha256": "ea8d0e9bdc65883e6cfffb0607e479cbb6897020001d690cb9c274942d92ab35", "size": 1218, "path": "media/metadata/boxes2D/BoundingBoxDebugger_99_ea8d0e9bdc65883e6cff.boxes2D.json"}}, {"predictions": {"_type": "boxes2D", "sha256": "cc5fa422251bf70475ba0ecfc2a826b9431bde3dda9eab7ae9e2e813a7c88084", "size": 1220, "path": "media/metadata/boxes2D/BoundingBoxDebugger_99_cc5fa422251bf70475ba.boxes2D.json"}}, {"predictions": {"_type": "boxes2D", "sha256": "b7e2561a1dbc30c7d170c2f6ef3524142746053fd5d482a187b03bb28bbf7cd1", "size": 1397, "path": "media/metadata/boxes2D/BoundingBoxDebugger_99_b7e2561a1dbc30c7d170.boxes2D.json"}}, {"predictions": {"_type": "boxes2D", "sha256": "4f876ad8e00976d167e54a01038590dda296d50d17f7760c618bfddedd935a7b", "size": 1606, "path": "media/metadata/boxes2D/BoundingBoxDebugger_99_4f876ad8e00976d167e5.boxes2D.json"}}, {"predictions": {"_type": "boxes2D", "sha256": "9a19b2181604c21c44d870188554428c0d1b524d5a13a0c6ba1d196f22d18771", "size": 1603, "path": "media/metadata/boxes2D/BoundingBoxDebugger_99_9a19b2181604c21c44d8.boxes2D.json"}}, {"predictions": {"_type": "boxes2D", "sha256": "cdd6ef5222e953d4c67f3af3403fe4b7ccc338765e77d1752f7071b6ebb3344b", "size": 1607, "path": "media/metadata/boxes2D/BoundingBoxDebugger_99_cdd6ef5222e953d4c67f.boxes2D.json"}}, {"predictions": {"_type": "boxes2D", "sha256": "6665739453e3d8457164060c669bd070c590f76af1f89e2dd7d1d713a16d2829", "size": 1202, "path": "media/metadata/boxes2D/BoundingBoxDebugger_99_6665739453e3d8457164.boxes2D.json"}}, {"predictions": {"_type": "boxes2D", "sha256": "c8436fc8143fabdbcffd9922843caf3731946746f674a681c98d7a65def74914", "size": 1020, "path": "media/metadata/boxes2D/BoundingBoxDebugger_99_c8436fc8143fabdbcffd.boxes2D.json"}}, {"predictions": {"_type": "boxes2D", "sha256": "6f20adbb40b4c7864c972e16c76c92f1955c899725122ab7b4836cdf04679402", "size": 2156, "path": "media/metadata/boxes2D/BoundingBoxDebugger_99_6f20adbb40b4c7864c97.boxes2D.json"}}, {"predictions": {"_type": "boxes2D", "sha256": "87458ce22d153dc1c0694432338cf2d88c1175326431d9082ed572538d8733cf", "size": 2718, "path": "media/metadata/boxes2D/BoundingBoxDebugger_99_87458ce22d153dc1c069.boxes2D.json"}}, {"predictions": {"_type": "boxes2D", "sha256": "729db429d044e413437ed99374986020ab9bab2e3f38998da6947c1eb6ac4054", "size": 2736, "path": "media/metadata/boxes2D/BoundingBoxDebugger_99_729db429d044e413437e.boxes2D.json"}}, {"predictions": {"_type": "boxes2D", "sha256": "6d9b7a00d70a528c2d46950a43d4c0c3569e9a0ef5dc37f022b1d89ddae26687", "size": 2730, "path": "media/metadata/boxes2D/BoundingBoxDebugger_99_6d9b7a00d70a528c2d46.boxes2D.json"}}, {"predictions": {"_type": "boxes2D", "sha256": "447b08dbd1883f9f1154674a944627e5468196b3f7f03c98926219a0dde0ff1c", "size": 2337, "path": "media/metadata/boxes2D/BoundingBoxDebugger_99_447b08dbd1883f9f1154.boxes2D.json"}}, {"predictions": {"_type": "boxes2D", "sha256": "9493e69e253ea78ef1fe2c41f7ab3eb426170302b1ce8b8adcb6a869c04c7f17", "size": 2341, "path": "media/metadata/boxes2D/BoundingBoxDebugger_99_9493e69e253ea78ef1fe.boxes2D.json"}}]}, "Validation": {"_type": "images/separated", "width": 1920, "height": 1280, "format": "jpg", "count": 6, "filenames": ["media/images/Validation_100_ebe839079f3658742d48.jpg", "media/images/Validation_100_a5e56b031f612f1c4824.jpg", "media/images/Validation_100_9c107b4ba499deb6e3b1.jpg", "media/images/Validation_100_ba3ed18b17b8ad3d917e.jpg", "media/images/Validation_100_9284d04b7f60b5d398ba.jpg", "media/images/Validation_100_475e2a6ab09763878f89.jpg"], "captions": ["val_batch0_labels.jpg", "val_batch0_pred.jpg", "val_batch1_labels.jpg", "val_batch1_pred.jpg", "val_batch2_labels.jpg", "val_batch2_pred.jpg"]}, "Results": {"_type": "images/separated", "width": 2400, "height": 1200, "format": "png", "count": 6,